
{
    "region" : "us-west-2",
    "configuration" : "Debug",
    "framework"     : "netcoreapp2.1",
    "self-contained" : false,
    "application"    : "UserSignup",
    "environment"    : "UserSignup-dev",
    "enable-xray"    : false,
    "enhanced-health-type" : "basic",
    "additional-options"   : "",
    "solution-stack"       : "64bit Amazon Linux 2 v2.1.0 running .NET Core",
    "environment-type"     : "SingleInstance",
    "cname"                : "usersignup-dev",
    "instance-type"        : "t1.micro",
    "key-pair"             : "key1vcnec2",
    "instance-profile"     : "aws-elasticbeanstalk-ec2-role",
    "service-role"         : "aws-elasticbeanstalk-service-role",
    "proxy-server"         : "nginx"
}